{"名称":"1220x2721分辨率图库","分辨率":{"w":1220,"h":2712},"服务器":"简中服","识别方式":{"找图":true,"ocr":true},"图片数量":80,"作者":"梦月時謌","版本代码":1,"更新时间":"2024-03-21","更新内容":"替换新版访问好友基建小图\n支持明日计划v4.4.6版本及以上。该图库还不支持代理失误处理功能，因为我不怎么玩，没出现过代理失误，未能截取到对应图片，有意向的联系我提供代理失误原图即可","img_info":{"上一次作战":{"prototypeWH":{"w":"1220","h":"2712"},"remarks":""},"上次_剿灭":{"prototypeWH":{"w":1220,"h":2712},"remarks":""},"上次_龙门外环":{"prototypeWH":{"w":"1220","h":"2712"},"remarks":""},"上次部署":{"prototypeWH":{"w":"1220","h":"2712"},"remarks":""},"主页_采购中心":{"prototypeWH":{"w":"1220","h":"2712"},"remarks":""},"代理_全权委托":{"prototypeWH":{"w":1220,"h":2712},"remarks":""},"代理_全权委托_确认":{"prototypeWH":{"w":"1220","h":"2712"},"remarks":""},"代理_全权委托_确认使用":{"prototypeWH":{"w":"1220","h":"2712"},"remarks":""},"代理_勾":{"prototypeWH":{"w":1220,"h":2712},"remarks":""},"代理_勾_愚人号":{"prototypeWH":{"w":1220,"h":2712},"remarks":""},"代理_未勾_愚人号":{"prototypeWH":{"w":1220,"h":2712},"remarks":""},"信用_获得信用点30":{"prototypeWH":{"w":"1220","h":"2712"},"remarks":""},"代理_未勾":{"prototypeWH":{"w":1220,"h":2712},"remarks":""},"信用_重复访问":{"prototypeWH":{"w":1220,"h":2712},"remarks":""},"信用交易所":{"prototypeWH":{"w":1220,"h":2712},"remarks":""},"信用交易所_物品":{"prototypeWH":{"w":1220,"h":2712},"remarks":""},"公招_skip":{"prototypeWH":{"w":1220,"h":2712},"remarks":""},"公招_九小时":{"prototypeWH":{"w":1220,"h":2712},"remarks":"废弃，已经被公招_小时_减代替"},"公招_小时_减":{"prototypeWH":{"w":1220,"h":2712},"remarks":""},"公招_确认":{"prototypeWH":{"w":1220,"h":2712},"remarks":""},"公招_聘用":{"prototypeWH":{"w":1220,"h":2712},"remarks":""},"关闭公告":{"prototypeWH":{"w":1220,"h":2712},"remarks":""},"制造站_制造中":{"prototypeWH":{"w":1220,"h":2712},"remarks":""},"剿灭_报酬":{"prototypeWH":{"w":1220,"h":2712},"remarks":""},"剿灭_简报":{"prototypeWH":{"w":1220,"h":2712},"remarks":""},"剿灭_简报1":{"prototypeWH":{"w":1220,"h":2712},"remarks":""},"周常任务":{"prototypeWH":{"w":1220,"h":2712},"remarks":""},"基建":{"prototypeWH":{"w":1220,"h":2712},"remarks":""},"基建_会客室":{"prototypeWH":{"w":1220,"h":2712},"remarks":""},"基建_信赖":{"prototypeWH":{"w":1220,"h":2712},"remarks":""},"基建_制造站":{"prototypeWH":{"w":1220,"h":2712},"remarks":""},"基建_可收获":{"prototypeWH":{"w":1220,"h":2712},"remarks":""},"基建_干员疲劳":{"prototypeWH":{"w":1220,"h":2712},"remarks":""},"基建_建造模式":{"prototypeWH":{"w":1220,"h":2712},"remarks":""},"基建_离开":{"prototypeWH":{"w":1220,"h":2712},"remarks":""},"基建_线索":{"prototypeWH":{"w":1220,"h":2712},"remarks":""},"基建_蓝色铃铛":{"prototypeWH":{"w":1220,"h":2712},"remarks":""},"基建_订单交付":{"prototypeWH":{"w":1220,"h":2712},"remarks":""},"基建_贸易站":{"prototypeWH":{"w":1220,"h":2712},"remarks":""},"基建_进驻总览":{"prototypeWH":{"w":1220,"h":2712},"remarks":""},"基建_铃铛":{"prototypeWH":{"w":1220,"h":2712},"remarks":""},"好友_重复访问":{"prototypeWH":{"w":1220,"h":2712},"remarks":""},"好友列表":{"prototypeWH":{"w":1220,"h":2712},"remarks":""},"导航":{"prototypeWH":{"w":1220,"h":2712},"remarks":""},"导航2":{"prototypeWH":{"w":1220,"h":2712},"remarks":""},"导航_任务":{"prototypeWH":{"w":1220,"h":2712},"remarks":""},"导航_公开招募":{"prototypeWH":{"w":1220,"h":2712},"remarks":""},"导航_基建":{"prototypeWH":{"w":1220,"h":2712},"remarks":""},"导航_终端":{"prototypeWH":{"w":1220,"h":2712},"remarks":""},"导航_采购中心":{"prototypeWH":{"w":1220,"h":2712},"remarks":""},"导航_首页":{"prototypeWH":{"w":1220,"h":2712},"remarks":""},"开始唤醒":{"prototypeWH":{"w":1220,"h":2712},"remarks":""},"收取信用":{"prototypeWH":{"w":1220,"h":2712},"remarks":""},"收集全部":{"prototypeWH":{"w":1220,"h":2712},"remarks":""},"无人机_减少":{"prototypeWH":{"w":1220,"h":2712},"remarks":""},"无人机_加速":{"prototypeWH":{"w":1220,"h":2712},"remarks":""},"无人机_协助":{"prototypeWH":{"w":1220,"h":2712},"remarks":""},"无人机_收取":{"prototypeWH":{"w":1220,"h":2712},"remarks":""},"无人机_最多":{"prototypeWH":{"w":1220,"h":2712},"remarks":""},"无人机_确定":{"prototypeWH":{"w":1220,"h":2712},"remarks":""},"理智_源石":{"prototypeWH":{"w":1220,"h":2712},"remarks":""},"理智_确认":{"prototypeWH":{"w":1220,"h":2712},"remarks":""},"禁止_演习":{"prototypeWH":{"w":1220,"h":2712},"remarks":""},"等级_提升":{"prototypeWH":{"w":1220,"h":2712},"remarks":""},"线索1":{"prototypeWH":{"w":1220,"h":2712},"remarks":""},"线索2":{"prototypeWH":{"w":1220,"h":2712},"remarks":""},"线索4":{"prototypeWH":{"w":1220,"h":2712},"remarks":""},"线索3":{"prototypeWH":{"w":1220,"h":2712},"remarks":""},"线索5":{"prototypeWH":{"w":"1220","h":"2712"},"remarks":""},"线索6":{"prototypeWH":{"w":1220,"h":2712},"remarks":""},"线索7":{"prototypeWH":{"w":1220,"h":2712},"remarks":""},"线索_NEW":{"prototypeWH":{"w":1220,"h":2712},"remarks":""},"线索_交流":{"prototypeWH":{"w":1220,"h":2712},"remarks":""},"线索_会客室":{"prototypeWH":{"w":1220,"h":2712},"remarks":""},"线索_传递":{"prototypeWH":{"w":1220,"h":2712},"remarks":""},"线索_全部收取":{"prototypeWH":{"w":"1220","h":"2712"},"remarks":""},"线索_相关搜集者":{"prototypeWH":{"w":1220,"h":2712},"remarks":""},"线索_解锁":{"prototypeWH":{"w":1220,"h":2712},"remarks":""},"线索_领取":{"prototypeWH":{"w":1220,"h":2712},"remarks":""},"终端":{"prototypeWH":{"w":1220,"h":2712},"remarks":""},"获得物资":{"prototypeWH":{"w":"1220","h":"2712"},"remarks":"领取奖励以后会弹出的界面"},"行动_愚人号":{"prototypeWH":{"w":1220,"h":2712},"remarks":""},"行动_普通":{"prototypeWH":{"w":"1220","h":"2712"},"remarks":"用于识别代理蓝色按钮普通关卡"},"行动_理智数量图标":{"prototypeWH":{"w":"1220","h":"2712"},"remarks":"在关卡开始行动，进入编队的界面右上角理智数量旁"},"行动_磨难":{"prototypeWH":{"w":1220,"h":2712},"remarks":""},"行动_结算":{"prototypeWH":{"w":1220,"h":2712},"remarks":""},"行动_编队确认开始":{"prototypeWH":{"w":1220,"h":2712},"remarks":""},"许愿_确定抽取":{"prototypeWH":{"w":1220,"h":2712},"remarks":""},"许愿卡片":{"prototypeWH":{"w":1220,"h":2712},"remarks":""},"访问下位":{"prototypeWH":{"w":1220,"h":2712},"remarks":""},"访问基建":{"prototypeWH":{"w":"1220","h":"2712"},"remarks":""},"贸易站_获取中":{"prototypeWH":{"w":1220,"h":2712},"remarks":""},"返回":{"prototypeWH":{"w":1220,"h":2712},"remarks":""},"选择许愿":{"prototypeWH":{"w":1220,"h":2712},"remarks":""},"好友_访问下位":{"prototypeWH":{"w":1220,"h":2712},"remarks":""},"好友_访问基建":{"prototypeWH":{"w":1220,"h":2712},"remarks":"在好友列表中，该小图由截图进行二值化，阈值化类型：BINARY，阈值：240后再截取得出"}}}