{
    "名称": "1220x2721分辨率图库",
    "分辨率": {
        "w": 1220,
        "h": 2712
    },
    "服务器": "简中服",
    "识别方式": {
        "找图": true,
        "ocr": true
    },
    "图片数量":80,
    "作者":"梦月時謌",
    "版本代码":1,
    "更新时间":"2024-03-21",
    "更新内容":"替换新版访问好友基建小图\n支持明日计划v4.4.6版本及以上。该图库还不支持代理失误处理功能，因为我不怎么玩，没出现过代理失误，未能截取到对应图片，有意向的联系我提供代理失误原图即可"
}